-- phpMyAdmin SQL Dump
-- version 4.9.5
-- https://www.phpmyadmin.net/
--
-- Servidor: localhost:3306
-- Tiempo de generación: 05-03-2021 a las 12:09:14
-- Versión del servidor: 5.7.33
-- Versión de PHP: 7.3.6

SET SQL_MODE = "NO_AUTO_VALUE_ON_ZERO";
SET AUTOCOMMIT = 0;
START TRANSACTION;
SET time_zone = "+00:00";


/*!40101 SET @OLD_CHARACTER_SET_CLIENT=@@CHARACTER_SET_CLIENT */;
/*!40101 SET @OLD_CHARACTER_SET_RESULTS=@@CHARACTER_SET_RESULTS */;
/*!40101 SET @OLD_COLLATION_CONNECTION=@@COLLATION_CONNECTION */;
/*!40101 SET NAMES utf8mb4 */;

--
-- Base de datos: `tovaroed_academico`
--

-- --------------------------------------------------------

--
-- Estructura de tabla para la tabla `administradores`
--

CREATE TABLE `administradores` (
  `id` int(11) NOT NULL,
  `usuario` varchar(50) CHARACTER SET utf8 COLLATE utf8_unicode_ci NOT NULL,
  `nombres` varchar(50) CHARACTER SET utf32 COLLATE utf32_unicode_ci NOT NULL,
  `apellidos` varchar(50) CHARACTER SET utf8 COLLATE utf8_unicode_ci NOT NULL,
  `password` varchar(100) CHARACTER SET utf8 COLLATE utf8_unicode_ci NOT NULL
) ENGINE=MyISAM DEFAULT CHARSET=latin1;

--
-- Volcado de datos para la tabla `administradores`
--

INSERT INTO `administradores` (`id`, `usuario`, `nombres`, `apellidos`, `password`) VALUES
(1, 'admin', 'Administrador', 'del sistema', '81dc9bdb52d04dc20036dbd8313ed055'),
(2, 'Administrador', 'DOCENTE', 'ACADÉMICO - PAIPA', '82ce0b3f31f2a8d2319b89999206e4bf');

-- --------------------------------------------------------

--
-- Estructura de tabla para la tabla `candidatos`
--

CREATE TABLE `candidatos` (
  `id` int(11) NOT NULL,
  `nombres` varchar(50) CHARACTER SET utf8 COLLATE utf8_unicode_ci NOT NULL,
  `apellidos` varchar(50) CHARACTER SET utf8 COLLATE utf8_unicode_ci NOT NULL,
  `representante` int(11) NOT NULL
) ENGINE=MyISAM DEFAULT CHARSET=latin1;

--
-- Volcado de datos para la tabla `candidatos`
--

INSERT INTO `candidatos` (`id`, `nombres`, `apellidos`, `representante`) VALUES
(1, 'MICHEL TATIANA', 'CAMARGO LADINO (01)', 1),
(2, 'EDWARD FELIPE', 'TABACO VIVAS (03)', 1),
(3, 'KEVIN ANDRES', 'CARMONA (04)', 1),
(7, 'VOTO EN BLANCO', '', 1);

-- --------------------------------------------------------

--
-- Estructura de tabla para la tabla `categorias`
--

CREATE TABLE `categorias` (
  `id` int(11) NOT NULL,
  `nombre` varchar(100) NOT NULL,
  `descripcion` varchar(100) NOT NULL
) ENGINE=MyISAM DEFAULT CHARSET=latin1;

--
-- Volcado de datos para la tabla `categorias`
--

INSERT INTO `categorias` (`id`, `nombre`, `descripcion`) VALUES
(1, 'Personero', 'Candidatos a la personer&iacutea');

-- --------------------------------------------------------

--
-- Estructura de tabla para la tabla `control`
--

CREATE TABLE `control` (
  `id` int(11) NOT NULL,
  `c_fecha` date NOT NULL,
  `c_hora` time NOT NULL,
  `c_ip` varchar(20) NOT NULL,
  `c_accion` varchar(50) NOT NULL,
  `c_idest` int(11) NOT NULL
) ENGINE=InnoDB DEFAULT CHARSET=latin1;

--
-- Volcado de datos para la tabla `control`
--

INSERT INTO `control` (`id`, `c_fecha`, `c_hora`, `c_ip`, `c_accion`, `c_idest`) VALUES
(1, '2021-03-05', '12:06:41', '190.90.132.148', 'Ingreso_Admin-Administrador', 2);

-- --------------------------------------------------------

--
-- Estructura de tabla para la tabla `estudiantes`
--

CREATE TABLE `estudiantes` (
  `id` int(11) NOT NULL,
  `grado` int(11) NOT NULL,
  `nombres` varchar(50) NOT NULL,
  `apellidos` varchar(50) NOT NULL,
  `documento` varchar(30) NOT NULL,
  `clave` varchar(100) NOT NULL
) ENGINE=InnoDB DEFAULT CHARSET=latin1;

--
-- Volcado de datos para la tabla `estudiantes`
--

INSERT INTO `estudiantes` (`id`, `grado`, `nombres`, `apellidos`, `documento`, `clave`) VALUES
(1, 8, 'ACEVEDO FIGUEREDO', 'MARIA FERNANDA', 'MFAF', 'ea1818cbe59c23b20f1a10a8aa083a82'),
(2, 8, 'ALVARADO SIERRA', 'DANIEL ALEJANDRO', 'DAAS', 'ea1818cbe59c23b20f1a10a8aa083a82'),
(3, 8, 'ARANGO MOSQUERA', 'JADE VALENTINA', 'JVAM', 'ea1818cbe59c23b20f1a10a8aa083a82'),
(4, 8, 'BARON OCHOA', 'TANIA SOFIA', 'TSBO', 'ea1818cbe59c23b20f1a10a8aa083a82'),
(5, 8, 'BASTIDAS ROBLES', 'LUISA FERNANDA', 'LFBR', 'ea1818cbe59c23b20f1a10a8aa083a82'),
(6, 8, 'BONILLA PINTO', 'JUAN MANUEL', 'JMBP', 'ea1818cbe59c23b20f1a10a8aa083a82'),
(7, 8, 'CASAS RICO', 'NICOLAS ', 'NCR', 'ea1818cbe59c23b20f1a10a8aa083a82'),
(8, 8, 'CASTRO ROMERO', 'EMILY JULIETH', 'EJCR', 'ea1818cbe59c23b20f1a10a8aa083a82'),
(9, 8, 'DIAZ LOZANO', 'JENNIFFER DANIELA', 'JDDL', 'ea1818cbe59c23b20f1a10a8aa083a82'),
(10, 8, 'DIAZ VALENCIA', 'JAIDY MARIANA', 'JMDV', 'ea1818cbe59c23b20f1a10a8aa083a82'),
(11, 8, 'ESTUPIÑAN SANCHEZ', 'ISABELLA ', 'IES', 'ea1818cbe59c23b20f1a10a8aa083a82'),
(12, 8, 'GALINDO PRIETO', 'DYLLAN JOSEPH', 'DJGP', 'ea1818cbe59c23b20f1a10a8aa083a82'),
(13, 8, 'GIL CAICEDO', 'ANA SOFIA', 'ASGC', 'ea1818cbe59c23b20f1a10a8aa083a82'),
(14, 8, 'GRANADOS HURTADO', 'ANA MARIA', 'AMGH', 'ea1818cbe59c23b20f1a10a8aa083a82'),
(15, 8, 'GUTIERREZ SANABRIA', 'KAROLL DAYAN', 'KDGS', 'ea1818cbe59c23b20f1a10a8aa083a82'),
(16, 8, 'HERNANDEZ VIASUS', 'JULIANA VALENTINA', 'JVHV', 'ea1818cbe59c23b20f1a10a8aa083a82'),
(17, 8, 'IGUAVITA MORALES', 'DANA ISABELA', 'DIIM', 'ea1818cbe59c23b20f1a10a8aa083a82'),
(18, 8, 'LEON MORENO', 'JUAN MANUEL', 'JMLM', 'ea1818cbe59c23b20f1a10a8aa083a82'),
(19, 8, 'LOPEZ LOPEZ', 'JOHAN ANDRES', 'JALL', 'ea1818cbe59c23b20f1a10a8aa083a82'),
(20, 8, 'MEDINA CORREDOR', 'SAMUEL FELIPE', 'SFMC', 'ea1818cbe59c23b20f1a10a8aa083a82'),
(21, 8, 'MUNEVAR CARDENAS', 'JOSE LUIS', 'JLMC', 'ea1818cbe59c23b20f1a10a8aa083a82'),
(22, 8, 'MUÑOZ PUERTO', 'MARIA CAROLINA', 'MCMP', 'ea1818cbe59c23b20f1a10a8aa083a82'),
(23, 8, 'PACHECO BURGOS', 'MANUELA STEFANIA', 'MSPB', 'ea1818cbe59c23b20f1a10a8aa083a82'),
(24, 8, 'PACHON MESA', 'MARIA VALENTINA', 'MVPM', 'ea1818cbe59c23b20f1a10a8aa083a82'),
(25, 8, 'PEDRAZA SALAMANCA', 'MARIA JOSE', 'MJPS', 'ea1818cbe59c23b20f1a10a8aa083a82'),
(26, 8, 'ROMERO CAMARGO', 'JOHAN FERNEY', 'JFRC', 'ea1818cbe59c23b20f1a10a8aa083a82'),
(27, 8, 'ROMERO OCHOA', 'DANNA GABRIELA', 'DGRO', 'ea1818cbe59c23b20f1a10a8aa083a82'),
(28, 8, 'RUIZ CARDENAS', 'DAVID ALEJANDRO', 'DARC', 'ea1818cbe59c23b20f1a10a8aa083a82'),
(29, 8, 'SAGANOME RODRIGUEZ', 'MICHELL STEFANY', 'MSSR', 'ea1818cbe59c23b20f1a10a8aa083a82'),
(30, 8, 'SALAMANCA ALBA', 'MARIA ANGEL', 'MASA', 'ea1818cbe59c23b20f1a10a8aa083a82'),
(31, 8, 'SALCEDO JAMIOY', 'GABRIELA ', 'GSJ', 'ea1818cbe59c23b20f1a10a8aa083a82'),
(32, 8, 'SIMIJACA RODRIGUEZ', 'CAMILO ALEJANDRO', 'CASR', 'ea1818cbe59c23b20f1a10a8aa083a82'),
(33, 8, 'SORACA TAMBO', 'YEISON ESTIBEN', 'YEST', 'ea1818cbe59c23b20f1a10a8aa083a82'),
(34, 8, 'TELLEZ ISAZA', 'LUNA SILVANA', 'LSTI', 'ea1818cbe59c23b20f1a10a8aa083a82'),
(35, 8, 'VALBUENA ZAMBRANO', 'HELEN SOFIA', 'HSVZ', 'ea1818cbe59c23b20f1a10a8aa083a82'),
(36, 8, 'VALENCIA CUEVAS', 'JUAN DAVID', 'JDVC', 'ea1818cbe59c23b20f1a10a8aa083a82'),
(37, 8, 'VARGAS PINEDA', 'JOSE ESTEBAN', 'JEVP', 'ea1818cbe59c23b20f1a10a8aa083a82'),
(38, 9, 'ALBA ESPITIA', 'CRISTIAN CAMILO', 'CCAE', '14b85b0752eddc5f25217386e3c6bf22'),
(39, 9, 'ALBA FONSECA', 'EILEEN ANDREA', 'EAAF', '14b85b0752eddc5f25217386e3c6bf22'),
(40, 9, 'AMEZQUITA AGUILAR', 'JUAN CAMILO', 'JCAA', '14b85b0752eddc5f25217386e3c6bf22'),
(41, 9, 'AVENDAÑO BRAVO', 'LUNA MARIANA', 'LMAB', '14b85b0752eddc5f25217386e3c6bf22'),
(42, 9, 'BOSIGA CASTELBLANCO', 'ANA MARIA', 'AMBC', '14b85b0752eddc5f25217386e3c6bf22'),
(43, 9, 'BOYACA TOCARRUNCHO', 'CRISTIAN DAVID', 'CDBT', '14b85b0752eddc5f25217386e3c6bf22'),
(44, 9, 'CALDERON CASTIBLANCO', 'JUAN JOSE', 'JJCC', '14b85b0752eddc5f25217386e3c6bf22'),
(45, 9, 'CAMACHO SILVA', 'JUAN MANUEL', 'JMCS', '14b85b0752eddc5f25217386e3c6bf22'),
(46, 9, 'CAMARGO ALFONSO', 'ANGEL SANTIAGO', 'ASCA', '14b85b0752eddc5f25217386e3c6bf22'),
(47, 9, 'CAÑATE LOZANO', 'PAOLA SOFIA', 'PSCL', '14b85b0752eddc5f25217386e3c6bf22'),
(48, 9, 'CAÑATE LOZANO', 'YEZMIN ALEJANDRA', 'YACL', '14b85b0752eddc5f25217386e3c6bf22'),
(49, 9, 'CASTRO NIÑO', 'LAURA VIVIANA', 'LVCN', '14b85b0752eddc5f25217386e3c6bf22'),
(50, 9, 'CEPEDA MARTINEZ', 'CAROLINA ', 'CCM', '14b85b0752eddc5f25217386e3c6bf22'),
(51, 9, 'DAZA MATEUS', 'JUAN DAVID', 'JDDM', '14b85b0752eddc5f25217386e3c6bf22'),
(52, 9, 'DIAZ LOPEZ', 'HENRY ALEXANDER', 'HADL', '14b85b0752eddc5f25217386e3c6bf22'),
(53, 9, 'DIAZ RODRIGUEZ', 'KEVIN ALEJANDRO', 'KADR', '14b85b0752eddc5f25217386e3c6bf22'),
(54, 9, 'ENCISO CEPEDA', 'KENNETH THOMAS', 'KTEC', '14b85b0752eddc5f25217386e3c6bf22'),
(55, 9, 'GARCIA LOPEZ', 'JUAN SEBASTIAN', 'JSGL', '14b85b0752eddc5f25217386e3c6bf22'),
(56, 9, 'LEON CAMACHO', 'DANNA GISELLE', 'DGLC', '14b85b0752eddc5f25217386e3c6bf22'),
(57, 9, 'LOTE BECERRA', 'TANIA ALEJANDRA', 'TALB', '14b85b0752eddc5f25217386e3c6bf22'),
(58, 9, 'MALDONADO TORRES', 'LAURA CATALINA', 'LCMT', '14b85b0752eddc5f25217386e3c6bf22'),
(59, 9, 'MONTAÑEZ RODRIGUEZ', 'PAULA ANDREA', 'PAMR', '14b85b0752eddc5f25217386e3c6bf22'),
(60, 9, 'MORALES RUIZ', 'KAROL SOFIA', 'KSMR', '14b85b0752eddc5f25217386e3c6bf22'),
(61, 9, 'NIÑO ARIAS', 'SARA SOFIA', 'SSNA', '14b85b0752eddc5f25217386e3c6bf22'),
(62, 9, 'NIÑO PEREZ', 'MARIA JOSE', 'MJNP', '14b85b0752eddc5f25217386e3c6bf22'),
(63, 9, 'OCHOA LOPEZ', 'SARAY JULIETH', 'SJOL', '14b85b0752eddc5f25217386e3c6bf22'),
(64, 9, 'OCHOA OCHOA', 'JUAN SEBASTIAN', 'JSOO', '14b85b0752eddc5f25217386e3c6bf22'),
(65, 9, 'ORTIZ MATEUS', 'LUIS SANTIAGO', 'LSOM', '14b85b0752eddc5f25217386e3c6bf22'),
(66, 9, 'PATIÑO BENAVIDES', 'JUAN JOSE', 'JJPB', '14b85b0752eddc5f25217386e3c6bf22'),
(67, 9, 'PINEDA PUERTO', 'NICOLAS SANTIAGO', 'NSPP', '14b85b0752eddc5f25217386e3c6bf22'),
(68, 9, 'REYES HIGUERA', 'MERY SOFIA', 'MSRH', '14b85b0752eddc5f25217386e3c6bf22'),
(69, 9, 'REYES PUENTES', 'SARA VALENTINA', 'SVRP', '14b85b0752eddc5f25217386e3c6bf22'),
(70, 9, 'RODRIGUEZ FONSECA', 'JULIAN ANDRES', 'JARF', '14b85b0752eddc5f25217386e3c6bf22'),
(71, 9, 'RODRIGUEZ LOPEZ', 'SARA KATHERINE', 'SKRL', '14b85b0752eddc5f25217386e3c6bf22'),
(72, 9, 'RODRIGUEZ PEREZ', 'ANDRES FELIPE', 'AFRP', '14b85b0752eddc5f25217386e3c6bf22'),
(73, 9, 'RONDON MARTINEZ', 'SAMUEL ALEJANDRO', 'SARM', '14b85b0752eddc5f25217386e3c6bf22'),
(74, 9, 'RUIZ BENITEZ', 'KAROL YULIANA', 'KYRB', '14b85b0752eddc5f25217386e3c6bf22'),
(75, 9, 'RUIZ CELY', 'SAMARA ALEJANDRA', 'SARC', '14b85b0752eddc5f25217386e3c6bf22'),
(76, 9, 'SANABRIA LOPEZ', 'MARTIN ', 'MSL', '14b85b0752eddc5f25217386e3c6bf22'),
(77, 9, 'VACA PICON', 'EDWIN ARLEY', 'EAVP', '14b85b0752eddc5f25217386e3c6bf22'),
(78, 10, 'ALFONSO BARON', 'SAMUEL DAVID', 'SDAB', '75a7c30fc0063c4952d7eb044a3c0897'),
(79, 10, 'BARON OCHOA', 'SARA LILIANA', 'SLBO', '75a7c30fc0063c4952d7eb044a3c0897'),
(80, 10, 'BARON ROBLES', 'DIEGO ALEXANDER', 'DABR', '75a7c30fc0063c4952d7eb044a3c0897'),
(81, 10, 'BOHORQUEZ RODRIGUEZ', 'ALISSON STHEFANIA', 'ASBR', '75a7c30fc0063c4952d7eb044a3c0897'),
(82, 10, 'CAMARGO CORONADO', 'LIZETH DANIELA', 'LDCC', '75a7c30fc0063c4952d7eb044a3c0897'),
(83, 10, 'CARVAJAL MORENO', 'LUZ STELLA', 'LSCM', '75a7c30fc0063c4952d7eb044a3c0897'),
(84, 10, 'CORONADO SOCONGOCHA', 'LAURA DANIELA', 'LDCS', '75a7c30fc0063c4952d7eb044a3c0897'),
(85, 10, 'CUESTA PEREZ', 'JUAN DAVID', 'JDCP', '75a7c30fc0063c4952d7eb044a3c0897'),
(86, 10, 'DIAZ OSPINA', 'ANDRES FELIPE', 'AFDO', '75a7c30fc0063c4952d7eb044a3c0897'),
(87, 10, 'FONSECA SOCONGOCHA', 'JUAN SEBASTIAN', 'JSFS', '75a7c30fc0063c4952d7eb044a3c0897'),
(88, 10, 'FONSECA VARGAS', 'DIEGO ALEJANDRO', 'DAFV', '75a7c30fc0063c4952d7eb044a3c0897'),
(89, 10, 'GALINDO PRIETO', 'JOEL ALEJANDRO', 'JAGP', '75a7c30fc0063c4952d7eb044a3c0897'),
(90, 10, 'GALINDO PRIETO', 'YERAY ESTEBAN', 'YEGP', '75a7c30fc0063c4952d7eb044a3c0897'),
(91, 10, 'GOMEZ LOPEZ', 'LIZ ARIANA', 'LAGL', '75a7c30fc0063c4952d7eb044a3c0897'),
(92, 10, 'GRANADOS GARZON', 'JUAN JOSE', 'JJGG', '75a7c30fc0063c4952d7eb044a3c0897'),
(93, 10, 'LOPEZ BAQUERO', 'MARIA FERNANDA', 'MFLB', '75a7c30fc0063c4952d7eb044a3c0897'),
(94, 10, 'MEDINA LARA', 'JOHAN EDUARDO', 'JEML', '75a7c30fc0063c4952d7eb044a3c0897'),
(95, 10, 'MOLANO MORA', 'ULRICH DAVID', 'UDMM', '75a7c30fc0063c4952d7eb044a3c0897'),
(96, 10, 'MONROY BOSIGA', 'ERIKA GERALDINE', 'EGMB', '75a7c30fc0063c4952d7eb044a3c0897'),
(97, 10, 'MUÑOZ ROBAYO', 'JUAN JOSE', 'JJMR', '75a7c30fc0063c4952d7eb044a3c0897'),
(98, 10, 'NIÑO MATEUS', 'DANNA VALENTINA', 'DVNM', '75a7c30fc0063c4952d7eb044a3c0897'),
(99, 10, 'NIÑO MILLAN', 'ANGEL URIEL', 'AUNM', '75a7c30fc0063c4952d7eb044a3c0897'),
(100, 10, 'NUÑEZ RIAÑO', 'RAFAEL ANDRES', 'RANR', '75a7c30fc0063c4952d7eb044a3c0897'),
(101, 10, 'PAIPILLA BARRIOS', 'ANGEL ADRIAN', 'AAPB', '75a7c30fc0063c4952d7eb044a3c0897'),
(102, 10, 'PATIÑO PACHECO', 'CAMILO ALEJANDRO', 'CAPP', '75a7c30fc0063c4952d7eb044a3c0897'),
(103, 10, 'RAMIREZ VARGAS', 'JUAN ESTEBAN', 'JERV', '75a7c30fc0063c4952d7eb044a3c0897'),
(104, 10, 'RINCON MESA', 'WILSON ESTIV', 'WERM', '75a7c30fc0063c4952d7eb044a3c0897'),
(105, 10, 'ROBLES MATEUS', 'FELIPE ALEJANDRO', 'FARM', '75a7c30fc0063c4952d7eb044a3c0897'),
(106, 10, 'RODRIGUEZ LOPEZ', 'JHOAN SEBASTIAN', 'JSRL', '75a7c30fc0063c4952d7eb044a3c0897'),
(107, 10, 'RODRIGUEZ PEREZ', 'MARIA CAMILA', 'MCRP', '75a7c30fc0063c4952d7eb044a3c0897'),
(108, 10, 'SANCHEZ CAÑON', 'THOMAS FELIPE', 'TFSC', '75a7c30fc0063c4952d7eb044a3c0897'),
(109, 10, 'SANCHEZ GUATIBONZA', 'LAURA CATALINA', 'LCSG', '75a7c30fc0063c4952d7eb044a3c0897'),
(110, 10, 'VILLALBA VEGA', 'MARIANA ', 'MVV', '75a7c30fc0063c4952d7eb044a3c0897'),
(111, 10, 'ZORRO CAICEDO', 'JUANITA ', 'JZC', '75a7c30fc0063c4952d7eb044a3c0897'),
(112, 11, 'ACOSTA FORERO', 'HONNEY DANIELA', 'HDAF', '3799b2e805a7fa8b076fc020574a73b2'),
(113, 11, 'BARRERA TUTA', 'ANA MARIA', 'AMBT', '3799b2e805a7fa8b076fc020574a73b2'),
(114, 11, 'BARRIOS GALLEGO', 'NICOLAS ', 'NBG', '3799b2e805a7fa8b076fc020574a73b2'),
(115, 11, 'CAMARGO ALFONSO', 'JUAN DIEGO', 'JDCA', '3799b2e805a7fa8b076fc020574a73b2'),
(116, 11, 'CAMARGO NIÑO', 'MAICOL FABIAN', 'MFCN', '3799b2e805a7fa8b076fc020574a73b2'),
(117, 11, 'CAMARGO PANQUEVA', 'JHON JAIRO', 'JJCP', '3799b2e805a7fa8b076fc020574a73b2'),
(118, 11, 'CARDENAS CRUZ', 'MARIA FERNANDA', 'MFCC', '3799b2e805a7fa8b076fc020574a73b2'),
(119, 11, 'CEPEDA BAUTISTA', 'VALERY SOFIA', 'VSCB', '3799b2e805a7fa8b076fc020574a73b2'),
(120, 11, 'CEPEDA HERNANDEZ', 'ANDRES FELIPE', 'AFCH', '3799b2e805a7fa8b076fc020574a73b2'),
(121, 11, 'CORREDOR FONSECA', 'DEBY LORENA', 'DLCF', '3799b2e805a7fa8b076fc020574a73b2'),
(122, 11, 'DAZA PITA', 'ESTEBAN ', 'EDP', '3799b2e805a7fa8b076fc020574a73b2'),
(123, 11, 'ESPITIA CAMARGO', 'SARA VANESA', 'SVEC', '3799b2e805a7fa8b076fc020574a73b2'),
(124, 11, 'FAJARDO PACHECO', 'MARIA FERNANDA', 'MFFP', '3799b2e805a7fa8b076fc020574a73b2'),
(125, 11, 'FONSECA FIGUEREDO', 'DIZLEY YUREY', 'DYFF', '3799b2e805a7fa8b076fc020574a73b2'),
(126, 11, 'GARZON FLECHAS', 'DAVID FELIPE', 'DFGF', '3799b2e805a7fa8b076fc020574a73b2'),
(127, 11, 'GUZMAN CHAPARRO', 'ANDRES FELIPE', 'AFGC', '3799b2e805a7fa8b076fc020574a73b2'),
(128, 11, 'LOPEZ SILVA', 'DANNA SOFIA', 'DSLS', '3799b2e805a7fa8b076fc020574a73b2'),
(129, 11, 'MEDINA LARA', 'JESSICA LORENA', 'JLML', '3799b2e805a7fa8b076fc020574a73b2'),
(130, 11, 'MEJIA CANARIA', 'DUVAN FELIPE', 'DFMC', '3799b2e805a7fa8b076fc020574a73b2'),
(131, 11, 'PUERTO SALAMANCA', 'RICARDO ESTEBAN', 'REPS', '3799b2e805a7fa8b076fc020574a73b2'),
(132, 11, 'PULIDO MENDEZ', 'JUAN GUILLERMO', 'JGPM', '3799b2e805a7fa8b076fc020574a73b2'),
(133, 11, 'RAMIREZ CIPAGAUTA', 'JUAN ESTEBAN', 'JERC', '3799b2e805a7fa8b076fc020574a73b2'),
(134, 11, 'RESTREPO RONDON', 'MARIA FERNANDA', 'MFRR', '3799b2e805a7fa8b076fc020574a73b2'),
(135, 11, 'REYES PAREJA', 'NEYER RONALDO', 'NRRP', '3799b2e805a7fa8b076fc020574a73b2'),
(136, 11, 'RIVADENEIRA MURILLO', 'MARIA FERNANDA', 'MFRM', '3799b2e805a7fa8b076fc020574a73b2'),
(137, 11, 'RIVERA GONZALEZ', 'LINA ALEJANDRA', 'LARG', '3799b2e805a7fa8b076fc020574a73b2'),
(138, 11, 'RODRIGUEZ FONSECA', 'VALENTINA ', 'VRF', '3799b2e805a7fa8b076fc020574a73b2'),
(139, 11, 'SANCHEZ AMAYA', 'KENNED ALEJANDRO', 'KASA', '3799b2e805a7fa8b076fc020574a73b2'),
(140, 11, 'SANCHEZ SUAREZ', 'SHARON NICOLE', 'SNSS', '3799b2e805a7fa8b076fc020574a73b2'),
(141, 11, 'SANDOVAL VELANDIA', 'DIEGO ALEJANDRO', 'DASV', '3799b2e805a7fa8b076fc020574a73b2'),
(142, 11, 'SORACA TAMBO', 'KAROL DANIELA', 'KDST', '3799b2e805a7fa8b076fc020574a73b2'),
(143, 11, 'SUAREZ MONROY', 'ANDRES FELIPE', 'AFSM', '3799b2e805a7fa8b076fc020574a73b2'),
(144, 11, 'TOLE PATARROYO', 'JHON ALEXIS', 'JATP', '3799b2e805a7fa8b076fc020574a73b2'),
(145, 11, 'VERDUGO MARIN', 'MANUEL STIVEN', 'MSVM', '3799b2e805a7fa8b076fc020574a73b2'),
(146, 12, 'AVELLA ROSAS', 'MAURI ALEJANDRO', 'MAAR', '6eb887126d24e8f1cd8ad5033482c781'),
(147, 12, 'AVENDAÑO CUERVO', 'JULIANA ANDREA', 'JAAC', '6eb887126d24e8f1cd8ad5033482c781'),
(148, 12, 'AVENDAÑO GUERRERO', 'RONAL FERNEY', 'RFAG', '6eb887126d24e8f1cd8ad5033482c781'),
(149, 12, 'BAYONA BARRETO', 'RAFAEL ARTURO', 'RABB', '6eb887126d24e8f1cd8ad5033482c781'),
(150, 12, 'CAMACHO SILVA', 'LIZETH CONSTANZA', 'LCCS', '6eb887126d24e8f1cd8ad5033482c781'),
(151, 12, 'CAMARGO CASTRO', 'CRISTIAN CAMILO', 'CCCC', '6eb887126d24e8f1cd8ad5033482c781'),
(152, 12, 'CELY MORANTES', 'CAMILA DEL MAR', 'CDMCM', '6eb887126d24e8f1cd8ad5033482c781'),
(153, 12, 'CIPAGAUTA AMAGUAÑA', 'ANGELA JOHANNA', 'AJCA', '6eb887126d24e8f1cd8ad5033482c781'),
(154, 12, 'FONSECA LOZANO', 'MARIA GISELA', 'MGFL', '6eb887126d24e8f1cd8ad5033482c781'),
(155, 12, 'FORERO GOMEZ', 'ANGELICA ', 'AFG', '6eb887126d24e8f1cd8ad5033482c781'),
(156, 12, 'GOYENECHE ESTUPIÑAN', 'LAURY STEFANY', 'LSGE', '6eb887126d24e8f1cd8ad5033482c781'),
(157, 12, 'GRAVINI CUERVO', 'JORGE LUIS', 'JLGC', '6eb887126d24e8f1cd8ad5033482c781'),
(158, 12, 'LARGO FERRUCHO', 'BRAYAN SEBASTIAN', 'BSLF', '6eb887126d24e8f1cd8ad5033482c781'),
(159, 12, 'LUNA HIGUERA', 'SORAYA VALENTINA', 'SVLH', '6eb887126d24e8f1cd8ad5033482c781'),
(160, 12, 'MORALES DIVANTOQUE', 'YISETH TATIANA', 'YTMD', '6eb887126d24e8f1cd8ad5033482c781'),
(161, 12, 'MORALES RODRIGEZ', 'SARA JIMENA', 'SJMR', '6eb887126d24e8f1cd8ad5033482c781'),
(162, 12, 'MORALES RODRIGUEZ', 'LEIDY LORENA', 'LLMR', '6eb887126d24e8f1cd8ad5033482c781'),
(163, 12, 'PULIDO NIÑO', 'SARA VALENTINA', 'SVPN', '6eb887126d24e8f1cd8ad5033482c781'),
(164, 12, 'RESTREPO RONDON', 'DIEGO ALEXIS', 'DARR', '6eb887126d24e8f1cd8ad5033482c781'),
(165, 12, 'ROBLES TORRES', 'MARIA JOSE', 'MJRT', '6eb887126d24e8f1cd8ad5033482c781'),
(166, 12, 'ROJAS GONZALEZ', 'JUAN SEBASTIAN', 'JSRG', '6eb887126d24e8f1cd8ad5033482c781'),
(167, 12, 'SALAMANCA ALBA', 'JUAN DIEGO', 'JDSA', '6eb887126d24e8f1cd8ad5033482c781'),
(168, 12, 'SALAMANCA SANCHEZ', 'ANGIE VANESA', 'AVSS', '6eb887126d24e8f1cd8ad5033482c781'),
(169, 12, 'SALAS AVENDAÑO', 'JULIAN SANTIAGO', 'JSSA', '6eb887126d24e8f1cd8ad5033482c781'),
(170, 12, 'SALAS CAÑADULCE', 'LAURA DANIELA', 'LDSC', '6eb887126d24e8f1cd8ad5033482c781'),
(171, 12, 'SANABRIA LOPEZ', 'SERGIO DUVAN', 'SDSL', '6eb887126d24e8f1cd8ad5033482c781'),
(172, 12, 'SIERRA PEREZ', 'JUAN DIEGO', 'JDSP', '6eb887126d24e8f1cd8ad5033482c781'),
(173, 12, 'SUARIQUE JOYA', 'KAROLVALENTINA ', 'KVSJ', '6eb887126d24e8f1cd8ad5033482c781'),
(174, 12, 'TAMAYO GOMEZ', 'VANNESA TATIANA', 'VTTG', '6eb887126d24e8f1cd8ad5033482c781'),
(175, 12, 'VILLALOBOS VELANDIA', 'CRISTIAN ALEJANDRO', 'CAVV', '6eb887126d24e8f1cd8ad5033482c781'),
(176, 13, 'ALFONSO VASQUEZ', 'KEVIN ', 'KAV', '9239be5f9dc4058ec647f14fd04b1290'),
(177, 13, 'ARCHILA GONZALEZ', 'GABRIELA ', 'GAG', '9239be5f9dc4058ec647f14fd04b1290'),
(178, 13, 'AVELLANEDA ESPINOSA', 'ANDRES FELIPE', 'AFAE', '9239be5f9dc4058ec647f14fd04b1290'),
(179, 13, 'BARRAGAN ALVARADO', 'HERMES SANTIAGO', 'HSBA', '9239be5f9dc4058ec647f14fd04b1290'),
(180, 13, 'BERNAL ESPITIA', 'ANGIE VALENTINA', 'AVBE', '9239be5f9dc4058ec647f14fd04b1290'),
(181, 13, 'CAMARGO CORONADO', 'KATHERYN DAYANNA', 'KDCC', '9239be5f9dc4058ec647f14fd04b1290'),
(182, 13, 'CAMARGO LADINO', 'MICHEL TATIANA', 'MTCL', '9239be5f9dc4058ec647f14fd04b1290'),
(183, 13, 'CAMARGO RIOS', 'PAULA ALEJANDRA', 'PACR', '9239be5f9dc4058ec647f14fd04b1290'),
(184, 13, 'CARMONA ECHEVERRY', 'KEVIN ANDRES', 'KACE', '9239be5f9dc4058ec647f14fd04b1290'),
(185, 13, 'CARVAJAL GOMEZ', 'SERGIO ALEJANDRO', 'SACG', '9239be5f9dc4058ec647f14fd04b1290'),
(186, 13, 'CASTRO VELASQUEZ', 'JHONATAN DAVID', 'JDCV', '9239be5f9dc4058ec647f14fd04b1290'),
(187, 13, 'CLAVIJO SANCHEZ', 'NICOLAS ', 'NCS', '9239be5f9dc4058ec647f14fd04b1290'),
(188, 13, 'GUATIBONZA CORTES', 'ANA MARIA', 'AMGC', '9239be5f9dc4058ec647f14fd04b1290'),
(189, 13, 'LOPEZ GACHA', 'LIZETH NATALIA', 'LNLG', '9239be5f9dc4058ec647f14fd04b1290'),
(190, 13, 'MALAGON CABALLERO', 'AURA VANESSA', 'AVMC', '9239be5f9dc4058ec647f14fd04b1290'),
(191, 13, 'MOLANO VARGAS', 'CRISTIAN DAVID', 'CDMV', '9239be5f9dc4058ec647f14fd04b1290'),
(192, 13, 'MONROY RODRIGUEZ', 'STIVEN ALEJANDRO', 'SAMR', '9239be5f9dc4058ec647f14fd04b1290'),
(193, 13, 'MORENO RUBIANO', 'GIGI VALENTINA', 'GVMR', '9239be5f9dc4058ec647f14fd04b1290'),
(194, 13, 'ORTIZ CANARIA', 'NATALIA ', 'NOC', '9239be5f9dc4058ec647f14fd04b1290'),
(195, 13, 'ORTIZ RODRIGUEZ', 'LAURA VANESSA', 'LVOR', '9239be5f9dc4058ec647f14fd04b1290'),
(196, 13, 'PATAQUIVA CAMARGO', 'SOFIA NATALIA', 'SNPC', '9239be5f9dc4058ec647f14fd04b1290'),
(197, 13, 'RINCON BECERRA', 'JUAN MANUEL', 'JMRB', '9239be5f9dc4058ec647f14fd04b1290'),
(198, 13, 'RODRIGUEZ JOYA', 'SEBASTIAN CAMILO', 'SCRJ', '9239be5f9dc4058ec647f14fd04b1290'),
(199, 13, 'RODRIGUEZ MUÑOZ', 'JULIAN SANTIAGO', 'JSRM', '9239be5f9dc4058ec647f14fd04b1290'),
(200, 13, 'RODRIGUEZ RUIZ', 'KARENTH DANIELA', 'KDRR', '9239be5f9dc4058ec647f14fd04b1290'),
(201, 13, 'SANCHEZ CAMARGO', 'BRAYAN ALEJANDRO', 'BASC', '9239be5f9dc4058ec647f14fd04b1290'),
(202, 13, 'SANCHEZ VILLATE', 'LAURA CAMILA', 'LCSV', '9239be5f9dc4058ec647f14fd04b1290'),
(203, 13, 'SATIVA ESTUPIÑAN', 'JUAN DAVID', 'JDSE', '9239be5f9dc4058ec647f14fd04b1290'),
(204, 13, 'TABACO VIVAS', 'EDWARD FELIPE', 'EFTV', '9239be5f9dc4058ec647f14fd04b1290'),
(205, 13, 'TORRES SIERRA', 'ANGIE MARIANA', 'AMTS', '9239be5f9dc4058ec647f14fd04b1290');

-- --------------------------------------------------------

--
-- Estructura de tabla para la tabla `general`
--

CREATE TABLE `general` (
  `id` int(11) NOT NULL,
  `institucion` varchar(100) NOT NULL,
  `descripcion` varchar(100) NOT NULL,
  `activo` varchar(1) NOT NULL,
  `clave` varchar(1) NOT NULL
) ENGINE=MyISAM DEFAULT CHARSET=latin1;

--
-- Volcado de datos para la tabla `general`
--

INSERT INTO `general` (`id`, `institucion`, `descripcion`, `activo`, `clave`) VALUES
(1, 'Instituci&oacuten Educativa Acad&eacutemico de Paipa', 'ELECCIONES ESTUDIANTILES', 'S', 'S');

-- --------------------------------------------------------

--
-- Estructura de tabla para la tabla `grados`
--

CREATE TABLE `grados` (
  `id` int(11) NOT NULL,
  `grado` varchar(20) CHARACTER SET utf8 COLLATE utf8_spanish_ci NOT NULL
) ENGINE=MyISAM DEFAULT CHARSET=latin1;

--
-- Volcado de datos para la tabla `grados`
--

INSERT INTO `grados` (`id`, `grado`) VALUES
(1, 'JARD&IacuteN'),
(2, 'TRANSICI&OacuteN'),
(3, 'PRIMERO'),
(4, 'SEGUNDO'),
(5, 'TERCERO'),
(6, 'CUARTO'),
(7, 'QUINTO'),
(8, 'SEXTO'),
(9, 'SEPTIMO'),
(10, 'OCTAVO'),
(11, 'NOVENO'),
(12, 'DECIMO'),
(13, 'UNDECIMO');

-- --------------------------------------------------------

--
-- Estructura de tabla para la tabla `voto`
--

CREATE TABLE `voto` (
  `id` int(11) NOT NULL,
  `id_estudiante` int(11) NOT NULL,
  `candidato` int(11) NOT NULL
) ENGINE=InnoDB DEFAULT CHARSET=latin1;

--
-- Índices para tablas volcadas
--

--
-- Indices de la tabla `administradores`
--
ALTER TABLE `administradores`
  ADD PRIMARY KEY (`id`);

--
-- Indices de la tabla `candidatos`
--
ALTER TABLE `candidatos`
  ADD PRIMARY KEY (`id`);

--
-- Indices de la tabla `categorias`
--
ALTER TABLE `categorias`
  ADD PRIMARY KEY (`id`);

--
-- Indices de la tabla `control`
--
ALTER TABLE `control`
  ADD PRIMARY KEY (`id`);

--
-- Indices de la tabla `estudiantes`
--
ALTER TABLE `estudiantes`
  ADD PRIMARY KEY (`id`);

--
-- Indices de la tabla `general`
--
ALTER TABLE `general`
  ADD PRIMARY KEY (`id`);

--
-- Indices de la tabla `grados`
--
ALTER TABLE `grados`
  ADD PRIMARY KEY (`id`);

--
-- Indices de la tabla `voto`
--
ALTER TABLE `voto`
  ADD PRIMARY KEY (`id`);

--
-- AUTO_INCREMENT de las tablas volcadas
--

--
-- AUTO_INCREMENT de la tabla `administradores`
--
ALTER TABLE `administradores`
  MODIFY `id` int(11) NOT NULL AUTO_INCREMENT, AUTO_INCREMENT=3;

--
-- AUTO_INCREMENT de la tabla `candidatos`
--
ALTER TABLE `candidatos`
  MODIFY `id` int(11) NOT NULL AUTO_INCREMENT, AUTO_INCREMENT=8;

--
-- AUTO_INCREMENT de la tabla `categorias`
--
ALTER TABLE `categorias`
  MODIFY `id` int(11) NOT NULL AUTO_INCREMENT, AUTO_INCREMENT=3;

--
-- AUTO_INCREMENT de la tabla `control`
--
ALTER TABLE `control`
  MODIFY `id` int(11) NOT NULL AUTO_INCREMENT, AUTO_INCREMENT=2;

--
-- AUTO_INCREMENT de la tabla `estudiantes`
--
ALTER TABLE `estudiantes`
  MODIFY `id` int(11) NOT NULL AUTO_INCREMENT, AUTO_INCREMENT=206;

--
-- AUTO_INCREMENT de la tabla `general`
--
ALTER TABLE `general`
  MODIFY `id` int(11) NOT NULL AUTO_INCREMENT, AUTO_INCREMENT=2;

--
-- AUTO_INCREMENT de la tabla `grados`
--
ALTER TABLE `grados`
  MODIFY `id` int(11) NOT NULL AUTO_INCREMENT, AUTO_INCREMENT=14;

--
-- AUTO_INCREMENT de la tabla `voto`
--
ALTER TABLE `voto`
  MODIFY `id` int(11) NOT NULL AUTO_INCREMENT;
COMMIT;

/*!40101 SET CHARACTER_SET_CLIENT=@OLD_CHARACTER_SET_CLIENT */;
/*!40101 SET CHARACTER_SET_RESULTS=@OLD_CHARACTER_SET_RESULTS */;
/*!40101 SET COLLATION_CONNECTION=@OLD_COLLATION_CONNECTION */;
